t, rx, ry, rz, vx, vy, vz
1, 6770.79, 76.7603, 0, -0.0869196, 7.67571, 0
2, 6769.48, 153.511, 0, -0.173828, 7.67423, 0
3, 6767.31, 230.242, 0, -0.260714, 7.67176, 0
4, 6764.27, 306.943, 0, -0.347566, 7.66832, 0
5, 6760.36, 383.605, 0, -0.434374, 7.66388, 0
6, 6755.58, 460.217, 0, -0.521126, 7.65847, 0
7, 6749.94, 536.771, 0, -0.60781, 7.65207, 0
8, 6743.43, 613.255, 0, -0.694417, 7.64469, 0
9, 6736.05, 689.661, 0, -0.780934, 7.63632, 0
10, 6727.81, 765.979, 0, -0.86735, 7.62698, 0
11, 6718.7, 842.198, 0, -0.953654, 7.61666, 0
12, 6708.74, 918.308, 0, -1.03984, 7.60536, 0
13, 6697.91, 994.302, 0, -1.12588, 7.59308, 0
14, 6686.22, 1070.17, 0, -1.21179, 7.57983, 0
15, 6673.67, 1145.89, 0, -1.29753, 7.56561, 0
16, 6660.27, 1221.48, 0, -1.38311, 7.55042, 0
17, 6646.01, 1296.9, 0, -1.46851, 7.53425, 0
18, 6630.9, 1372.16, 0, -1.55373, 7.51712, 0
19, 6614.94, 1447.24, 0, -1.63874, 7.49903, 0
20, 6598.12, 1522.14, 0, -1.72354, 7.47997, 0
21, 6580.47, 1596.84, 0, -1.80812, 7.45995, 0
22, 6561.96, 1671.33, 0, -1.89247, 7.43898, 0
23, 6542.62, 1745.61, 0, -1.97657, 7.41705, 0
24, 6522.43, 1819.67, 0, -2.06042, 7.39417, 0
25, 6501.41, 1893.49, 0, -2.144, 7.37034, 0
26, 6479.55, 1967.07, 0, -2.22731, 7.34556, 0
27, 6456.86, 2040.4, 0, -2.31033, 7.31985, 0
28, 6433.35, 2113.47, 0, -2.39305, 7.29319, 0
29, 6409, 2186.26, 0, -2.47546, 7.2656, 0
30, 6383.84, 2258.78, 0, -2.55756, 7.23707, 0
31, 6357.85, 2331, 0, -2.63932, 7.20762, 0
32, 6331.05, 2402.92, 0, -2.72075, 7.17724, 0
33, 6303.44, 2474.54, 0, -2.80183, 7.14594, 0
34, 6275.02, 2545.84, 0, -2.88254, 7.11372, 0
35, 6245.79, 2616.81, 0, -2.96289, 7.0806, 0
36, 6215.76, 2687.45, 0, -3.04285, 7.04656, 0
37, 6184.94, 2757.74, 0, -3.12242, 7.01162, 0
38, 6153.32, 2827.68, 0, -3.20159, 6.97578, 0
39, 6120.91, 2897.25, 0, -3.28034, 6.93905, 0
40, 6087.71, 2966.46, 0, -3.35868, 6.90142, 0
41, 6053.73, 3035.28, 0, -3.43658, 6.86292, 0
42, 6018.98, 3103.71, 0, -3.51404, 6.82353, 0
43, 5983.45, 3171.75, 0, -3.59105, 6.78326, 0
44, 5947.16, 3239.37, 0, -3.66759, 6.74213, 0
45, 5910.1, 3306.59, 0, -3.74367, 6.70013, 0
46, 5872.29, 3373.37, 0, -3.81926, 6.65728, 0
47, 5833.72, 3439.73, 0, -3.89436, 6.61357, 0
48, 5794.4, 3505.64, 0, -3.96896, 6.56901, 0
49, 5754.34, 3571.11, 0, -4.04305, 6.52361, 0
50, 5713.54, 3636.11, 0, -4.11662, 6.47738, 0
51, 5672.01, 3700.65, 0, -4.18965, 6.43031, 0
52, 5629.75, 3764.72, 0, -4.26215, 6.38242, 0
53, 5586.77, 3828.3, 0, -4.3341, 6.33371, 0
54, 5543.07, 3891.39, 0, -4.4055, 6.2842, 0
55, 5498.66, 3953.98, 0, -4.47632, 6.23387, 0
56, 5453.55, 4016.06, 0, -4.54657, 6.18275, 0
57, 5407.73, 4077.63, 0, -4.61624, 6.13084, 0
58, 5361.22, 4138.68, 0, -4.68531, 6.07814, 0
59, 5314.03, 4199.19, 0, -4.75378, 6.02466, 0
60, 5266.15, 4259.17, 0, -4.82164, 5.97041, 0
61, 5217.6, 4318.6, 0, -4.88888, 5.9154, 0
62, 5168.38, 4377.47, 0, -4.95549, 5.85962, 0
63, 5118.49, 4435.79, 0, -5.02146, 5.8031, 0
64, 5067.95, 4493.53, 0, -5.08678, 5.74584, 0
65, 5016.76, 4550.7, 0, -5.15146, 5.68784, 0
66, 4964.92, 4607.29, 0, -5.21547, 5.62911, 0
67, 4912.45, 4663.28, 0, -5.2788, 5.56966, 0
68, 4859.35, 4718.68, 0, -5.34147, 5.5095, 0
69, 4805.62, 4773.47, 0, -5.40344, 5.44864, 0
70, 4751.28, 4827.65, 0, -5.46472, 5.38708, 0
71, 4696.33, 4881.21, 0, -5.52529, 5.32482, 0
72, 4640.78, 4934.14, 0, -5.58516, 5.26189, 0
73, 4584.63, 4986.44, 0, -5.64431, 5.19829, 0
74, 4527.89, 5038.1, 0, -5.70273, 5.13402, 0
75, 4470.58, 5089.12, 0, -5.76042, 5.06909, 0
76, 4412.69, 5139.48, 0, -5.81737, 5.00351, 0
77, 4354.23, 5189.19, 0, -5.87357, 4.9373, 0
78, 4295.22, 5238.23, 0, -5.92902, 4.87045, 0
79, 4235.65, 5286.6, 0, -5.98371, 4.80299, 0
80, 4175.55, 5334.29, 0, -6.03763, 4.73491, 0
81, 4114.91, 5381.29, 0, -6.09077, 4.66622, 0
82, 4053.73, 5427.61, 0, -6.14313, 4.59694, 0
83, 3992.05, 5473.23, 0, -6.1947, 4.52707, 0
84, 3929.84, 5518.15, 0, -6.24547, 4.45662, 0
85, 3867.14, 5562.36, 0, -6.29544, 4.3856, 0
86, 3803.94, 5605.86, 0, -6.34461, 4.31403, 0
87, 3740.25, 5648.64, 0, -6.39295, 4.2419, 0
88, 3676.08, 5690.69, 0, -6.44048, 4.16923, 0
89, 3611.44, 5732.02, 0, -6.48718, 4.09603, 0
90, 3546.34, 5772.61, 0, -6.53305, 4.02231, 0
91, 3480.78, 5812.47, 0, -6.57808, 3.94807, 0
92, 3414.78, 5851.57, 0, -6.62226, 3.87333, 0
93, 3348.34, 5889.93, 0, -6.6656, 3.7981, 0
94, 3281.47, 5927.53, 0, -6.70808, 3.72238, 0
95, 3214.18, 5964.38, 0, -6.7497, 3.64619, 0
96, 3146.48, 6000.46, 0, -6.79045, 3.56953, 0
97, 3078.38, 6035.77, 0, -6.83033, 3.49242, 0
98, 3009.88, 6070.3, 0, -6.86933, 3.41487, 0
99, 2940.99, 6104.06, 0, -6.90745, 3.33688, 0
100, 2871.73, 6137.04, 0, -6.94469, 3.25846, 0
101, 2802.1, 6169.23, 0, -6.98103, 3.17963, 0
102, 2732.11, 6200.63, 0, -7.01648, 3.10039, 0
103, 2661.78, 6231.24, 0, -7.05103, 3.02077, 0
104, 2591.1, 6261.04, 0, -7.08468, 2.94075, 0
105, 2520.09, 6290.05, 0, -7.11741, 2.86037, 0
106, 2448.75, 6318.25, 0, -7.14924, 2.77962, 0
107, 2377.1, 6345.64, 0, -7.18014, 2.69851, 0
108, 2305.15, 6372.22, 0, -7.21013, 2.61707, 0
109, 2232.9, 6397.98, 0, -7.23919, 2.53529, 0
110, 2160.37, 6422.92, 0, -7.26732, 2.45319, 0
111, 2087.56, 6447.04, 0, -7.29452, 2.37078, 0
112, 2014.48, 6470.34, 0, -7.32079, 2.28806, 0
113, 1941.15, 6492.8, 0, -7.34612, 2.20506, 0
114, 1867.56, 6514.44, 0, -7.3705, 2.12178, 0
115, 1793.74, 6535.24, 0, -7.39394, 2.03823, 0
116, 1719.69, 6555.2, 0, -7.41644, 1.95442, 0
117, 1645.42, 6574.33, 0, -7.43798, 1.87037, 0
118, 1570.93, 6592.61, 0, -7.45857, 1.78608, 0
119, 1496.25, 6610.05, 0, -7.4782, 1.70156, 0
120, 1421.37, 6626.64, 0, -7.49688, 1.61683, 0
121, 1346.31, 6642.38, 0, -7.5146, 1.5319, 0
122, 1271.08, 6657.28, 0, -7.53135, 1.44677, 0
123, 1195.69, 6671.32, 0, -7.54714, 1.36146, 0
124, 1120.14, 6684.51, 0, -7.56196, 1.27598, 0
125, 1044.45, 6696.84, 0, -7.57581, 1.19034, 0
126, 968.63, 6708.31, 0, -7.5887, 1.10455, 0
127, 892.683, 6718.93, 0, -7.60061, 1.01862, 0
128, 816.621, 6728.68, 0, -7.61155, 0.932569, 0
129, 740.455, 6737.58, 0, -7.62151, 0.846399, 0
130, 664.194, 6745.61, 0, -7.6305, 0.760123, 0
131, 587.848, 6752.78, 0, -7.63851, 0.673754, 0
132, 511.427, 6759.09, 0, -7.64554, 0.587301, 0
133, 434.941, 6764.53, 0, -7.6516, 0.500777, 0
134, 358.399, 6769.1, 0, -7.65667, 0.414192, 0
135, 281.811, 6772.81, 0, -7.66077, 0.327558, 0
136, 205.186, 6775.65, 0, -7.66388, 0.240885, 0
137, 128.536, 6777.63, 0, -7.66602, 0.154185, 0
138, 51.8693, 6778.74, 0, -7.66717, 0.0674677, 0
139, -24.8041, 6778.98, 0, -7.66735, -0.0192543, 0
140, -101.474, 6778.35, 0, -7.66654, -0.105971, 0
141, -178.132, 6776.86, 0, -7.66475, -0.19267, 0
142, -254.766, 6774.5, 0, -7.66198, -0.279341, 0
143, -331.368, 6771.27, 0, -7.65823, -0.365973, 0
144, -407.927, 6767.18, 0, -7.6535, -0.452555, 0
145, -484.435, 6762.22, 0, -7.6478, -0.539076, 0
146, -560.88, 6756.4, 0, -7.64111, -0.625524, 0
147, -637.254, 6749.71, 0, -7.63345, -0.711889, 0
148, -713.546, 6742.16, 0, -7.62481, -0.79816, 0
149, -789.747, 6733.75, 0, -7.6152, -0.884325, 0
150, -865.847, 6724.47, 0, -7.60462, -0.970374, 0
151, -941.836, 6714.34, 0, -7.59306, -1.0563, 0
152, -1017.7, 6703.35, 0, -7.58053, -1.14208, 0
153, -1093.44, 6691.5, 0, -7.56703, -1.22771, 0
154, -1169.04, 6678.79, 0, -7.55257, -1.31319, 0
155, -1244.49, 6665.24, 0, -7.53714, -1.39849, 0
156, -1319.78, 6650.83, 0, -7.52075, -1.48361, 0
157, -1394.9, 6635.56, 0, -7.5034, -1.56854, 0
158, -1469.85, 6619.46, 0, -7.48509, -1.65326, 0
159, -1544.6, 6602.5, 0, -7.46582, -1.73777, 0
160, -1619.16, 6584.7, 0, -7.4456, -1.82205, 0
161, -1693.51, 6566.06, 0, -7.42443, -1.9061, 0
162, -1767.65, 6546.58, 0, -7.40231, -1.9899, 0
163, -1841.55, 6526.26, 0, -7.37924, -2.07344, 0
164, -1915.23, 6505.11, 0, -7.35524, -2.15672, 0
165, -1988.66, 6483.13, 0, -7.33029, -2.23972, 0
166, -2061.83, 6460.32, 0, -7.30441, -2.32242, 0
167, -2134.74, 6436.68, 0, -7.27759, -2.40483, 0
168, -2207.38, 6412.22, 0, -7.24985, -2.48693, 0
169, -2279.73, 6386.94, 0, -7.22118, -2.5687, 0
170, -2351.8, 6360.85, 0, -7.19159, -2.65015, 0
171, -2423.56, 6333.94, 0, -7.16108, -2.73125, 0
172, -2495.02, 6306.23, 0, -7.12966, -2.812, 0
173, -2566.15, 6277.7, 0, -7.09733, -2.89239, 0
174, -2636.96, 6248.38, 0, -7.06409, -2.97241, 0
175, -2707.43, 6218.26, 0, -7.02995, -3.05204, 0
176, -2777.56, 6187.34, 0, -6.99492, -3.13129, 0
177, -2847.33, 6155.63, 0, -6.95899, -3.21012, 0
178, -2916.73, 6123.14, 0, -6.92217, -3.28855, 0
179, -2985.77, 6089.86, 0, -6.88447, -3.36655, 0
180, -3054.42, 6055.81, 0, -6.8459, -3.44412, 0
181, -3122.68, 6020.98, 0, -6.80645, -3.52125, 0
182, -3190.55, 5985.38, 0, -6.76613, -3.59793, 0
183, -3258, 5949.02, 0, -6.72495, -3.67414, 0
184, -3325.04, 5911.9, 0, -6.68291, -3.74988, 0
185, -3391.66, 5874.03, 0, -6.64002, -3.82514, 0
186, -3457.84, 5835.4, 0, -6.59628, -3.89991, 0
187, -3523.58, 5796.03, 0, -6.55171, -3.97418, 0
188, -3588.87, 5755.92, 0, -6.50629, -4.04794, 0
189, -3653.7, 5715.07, 0, -6.46005, -4.12118, 0
190, -3718.07, 5673.5, 0, -6.41299, -4.19389, 0
191, -3781.96, 5631.2, 0, -6.3651, -4.26606, 0
192, -3845.37, 5588.18, 0, -6.31641, -4.33768, 0
193, -3908.29, 5544.45, 0, -6.26691, -4.40875, 0
194, -3970.7, 5500.01, 0, -6.21662, -4.47926, 0
195, -4032.62, 5454.86, 0, -6.16553, -4.54919, 0
196, -4094.01, 5409.02, 0, -6.11365, -4.61854, 0
197, -4154.89, 5362.49, 0, -6.061, -4.68729, 0
198, -4215.23, 5315.28, 0, -6.00757, -4.75545, 0
199, -4275.04, 5267.39, 0, -5.95338, -4.82299, 0
200, -4334.3, 5218.82, 0, -5.89843, -4.88992, 0
201, -4393, 5169.59, 0, -5.84273, -4.95622, 0
202, -4451.15, 5119.7, 0, -5.78629, -5.02189, 0
203, -4508.73, 5069.16, 0, -5.72911, -5.08692, 0
204, -4565.73, 5017.96, 0, -5.6712, -5.15129, 0
205, -4622.15, 4966.13, 0, -5.61256, -5.215, 0
206, -4677.98, 4913.67, 0, -5.55322, -5.27805, 0
207, -4733.21, 4860.57, 0, -5.49316, -5.34042, 0
208, -4787.84, 4806.86, 0, -5.43241, -5.40211, 0
209, -4841.85, 4752.53, 0, -5.37096, -5.46311, 0
210, -4895.25, 4697.6, 0, -5.30883, -5.5234, 0
211, -4948.03, 4642.07, 0, -5.24603, -5.583, 0
212, -5000.17, 4585.94, 0, -5.18255, -5.64187, 0
213, -5051.68, 4529.23, 0, -5.11842, -5.70003, 0
214, -5102.54, 4471.94, 0, -5.05364, -5.75746, 0
215, -5152.75, 4414.09, 0, -4.98821, -5.81415, 0
216, -5202.3, 4355.66, 0, -4.92215, -5.8701, 0
217, -5251.19, 4296.69, 0, -4.85546, -5.9253, 0
218, -5299.41, 4237.16, 0, -4.78815, -5.97974, 0
219, -5346.95, 4177.09, 0, -4.72024, -6.03341, 0
220, -5393.81, 4116.5, 0, -4.65172, -6.08632, 0
221, -5439.98, 4055.37, 0, -4.58262, -6.13844, 0
222, -5485.46, 3993.73, 0, -4.51293, -6.18979, 0
223, -5530.24, 3931.58, 0, -4.44266, -6.24034, 0
224, -5574.31, 3868.92, 0, -4.37183, -6.2901, 0
225, -5617.67, 3805.78, 0, -4.30044, -6.33905, 0
226, -5660.32, 3742.15, 0, -4.22851, -6.38719, 0
227, -5702.24, 3678.04, 0, -4.15604, -6.43452, 0
228, -5743.44, 3613.46, 0, -4.08304, -6.48102, 0
229, -5783.9, 3548.42, 0, -4.00952, -6.5267, 0
230, -5823.63, 3482.93, 0, -3.93549, -6.57154, 0
231, -5862.61, 3416.99, 0, -3.86096, -6.61555, 0
232, -5900.84, 3350.62, 0, -3.78594, -6.6587, 0
233, -5938.33, 3283.82, 0, -3.71044, -6.70101, 0
234, -5975.05, 3216.6, 0, -3.63447, -6.74247, 0
235, -6011.01, 3148.97, 0, -3.55803, -6.78306, 0
236, -6046.21, 3080.94, 0, -3.48114, -6.82279, 0
237, -6080.64, 3012.52, 0, -3.40381, -6.86165, 0
238, -6114.29, 2943.71, 0, -3.32605, -6.89963, 0
239, -6147.16, 2874.53, 0, -3.24786, -6.93673, 0
240, -6179.24, 2804.98, 0, -3.16927, -6.97294, 0
241, -6210.54, 2735.08, 0, -3.09026, -7.00827, 0
242, -6241.05, 2664.82, 0, -3.01087, -7.0427, 0
243, -6270.76, 2594.22, 0, -2.93109, -7.07623, 0
244, -6299.67, 2523.3, 0, -2.85094, -7.10886, 0
245, -6327.77, 2452.05, 0, -2.77043, -7.14059, 0
246, -6355.07, 2380.49, 0, -2.68956, -7.1714, 0
247, -6381.56, 2308.63, 0, -2.60836, -7.20129, 0
248, -6407.24, 2236.47, 0, -2.52682, -7.23027, 0
249, -6432.1, 2164.02, 0, -2.44496, -7.25833, 0
250, -6456.14, 2091.3, 0, -2.36279, -7.28546, 0
251, -6479.35, 2018.32, 0, -2.28032, -7.31166, 0
252, -6501.74, 1945.07, 0, -2.19756, -7.33693, 0
253, -6523.3, 1871.58, 0, -2.11452, -7.36126, 0
254, -6544.03, 1797.85, 0, -2.03121, -7.38465, 0
255, -6563.93, 1723.89, 0, -1.94765, -7.40711, 0
256, -6582.99, 1649.71, 0, -1.86383, -7.42861, 0
257, -6601.2, 1575.32, 0, -1.77978, -7.44917, 0
258, -6618.58, 1500.73, 0, -1.69551, -7.46878, 0
259, -6635.11, 1425.95, 0, -1.61101, -7.48744, 0
260, -6650.8, 1350.99, 0, -1.52632, -7.50514, 0
261, -6665.64, 1275.85, 0, -1.44143, -7.52189, 0
262, -6679.63, 1200.55, 0, -1.35635, -7.53768, 0
263, -6692.76, 1125.1, 0, -1.27111, -7.5525, 0
264, -6705.05, 1049.5, 0, -1.1857, -7.56636, 0
265, -6716.48, 973.776, 0, -1.10014, -7.57926, 0
266, -6727.05, 897.923, 0, -1.01444, -7.59119, 0
267, -6736.77, 821.955, 0, -0.928614, -7.60216, 0
268, -6745.62, 745.883, 0, -0.842668, -7.61215, 0
269, -6753.62, 669.715, 0, -0.756616, -7.62118, 0
270, -6760.76, 593.463, 0, -0.670468, -7.62923, 0
271, -6767.03, 517.134, 0, -0.584235, -7.63631, 0
272, -6772.44, 440.74, 0, -0.497927, -7.64241, 0
273, -6776.99, 364.289, 0, -0.411556, -7.64755, 0
274, -6780.67, 287.792, 0, -0.325133, -7.6517, 0
275, -6783.49, 211.258, 0, -0.238668, -7.65488, 0
276, -6785.44, 134.698, 0, -0.152173, -7.65709, 0
277, -6786.53, 58.1197, 0, -0.065659, -7.65832, 0
278, -6786.76, -18.4655, 0, 0.0208636, -7.65857, 0
279, -6786.12, -95.0484, 0, 0.107383, -7.65785, 0
280, -6784.61, -171.619, 0, 0.19389, -7.65615, 0
281, -6782.24, -248.168, 0, 0.280371, -7.65347, 0
282, -6779, -324.685, 0, 0.366817, -7.64982, 0
283, -6774.9, -401.161, 0, 0.453217, -7.64519, 0
284, -6769.94, -477.586, 0, 0.539559, -7.63959, 0
285, -6764.11, -553.95, 0, 0.625832, -7.63302, 0
286, -6757.42, -630.243, 0, 0.712026, -7.62547, 0
287, -6749.87, -706.456, 0, 0.798129, -7.61695, 0
288, -6741.46, -782.579, 0, 0.884131, -7.60745, 0
289, -6732.19, -858.602, 0, 0.97002, -7.59699, 0
290, -6722.06, -934.515, 0, 1.05579, -7.58556, 0
291, -6711.07, -1010.31, 0, 1.14142, -7.57316, 0
292, -6699.23, -1085.98, 0, 1.22691, -7.5598, 0
293, -6686.54, -1161.5, 0, 1.31224, -7.54547, 0
294, -6672.99, -1236.88, 0, 1.3974, -7.53018, 0
295, -6658.59, -1312.1, 0, 1.48239, -7.51393, 0
296, -6643.34, -1387.16, 0, 1.56719, -7.49673, 0
297, -6627.24, -1462.03, 0, 1.65179, -7.47856, 0
298, -6610.3, -1536.73, 0, 1.73618, -7.45945, 0
299, -6592.52, -1611.22, 0, 1.82035, -7.43938, 0
300, -6573.9, -1685.51, 0, 1.90428, -7.41836, 0
301, -6554.44, -1759.58, 0, 1.98798, -7.3964, 0
302, -6534.14, -1833.43, 0, 2.07142, -7.37349, 0
303, -6513.01, -1907.05, 0, 2.1546, -7.34964, 0
304, -6491.05, -1980.42, 0, 2.23751, -7.32486, 0
305, -6468.26, -2053.54, 0, 2.32013, -7.29914, 0
306, -6444.65, -2126.4, 0, 2.40246, -7.27249, 0
307, -6420.21, -2198.99, 0, 2.48448, -7.24492, 0
308, -6394.96, -2271.3, 0, 2.56618, -7.21641, 0
309, -6368.89, -2343.32, 0, 2.64756, -7.18699, 0
310, -6342.01, -2415.04, 0, 2.72861, -7.15665, 0
311, -6314.32, -2486.45, 0, 2.8093, -7.1254, 0
312, -6285.82, -2557.54, 0, 2.88964, -7.09324, 0
313, -6256.53, -2628.31, 0, 2.96961, -7.06018, 0
314, -6226.43, -2698.74, 0, 3.04921, -7.02621, 0
315, -6195.54, -2768.83, 0, 3.12841, -6.99135, 0
316, -6163.87, -2838.57, 0, 3.20722, -6.95559, 0
317, -6131.4, -2907.94, 0, 3.28562, -6.91895, 0
318, -6098.15, -2976.94, 0, 3.36361, -6.88142, 0
319, -6064.13, -3045.56, 0, 3.44116, -6.84302, 0
320, -6029.33, -3113.8, 0, 3.51828, -6.80374, 0
321, -5993.77, -3181.64, 0, 3.59495, -6.76359, 0
322, -5957.44, -3249.07, 0, 3.67117, -6.72259, 0
323, -5920.34, -3316.09, 0, 3.74691, -6.68072, 0
324, -5882.5, -3382.68, 0, 3.82219, -6.638, 0
325, -5843.9, -3448.84, 0, 3.89697, -6.59443, 0
326, -5804.56, -3514.57, 0, 3.97126, -6.55002, 0
327, -5764.48, -3579.84, 0, 4.04504, -6.50477, 0
328, -5723.66, -3644.66, 0, 4.11831, -6.4587, 0
329, -5682.11, -3709.01, 0, 4.19106, -6.4118, 0
330, -5639.84, -3772.89, 0, 4.26327, -6.36408, 0
331, -5596.85, -3836.29, 0, 4.33494, -6.31554, 0
332, -5553.15, -3899.2, 0, 4.40606, -6.2662, 0
333, -5508.73, -3961.61, 0, 4.47662, -6.21606, 0
334, -5463.61, -4023.52, 0, 4.54661, -6.16513, 0
335, -5417.8, -4084.91, 0, 4.61602, -6.1134, 0
336, -5371.3, -4145.78, 0, 4.68484, -6.0609, 0
337, -5324.11, -4206.13, 0, 4.75307, -6.00762, 0
338, -5276.24, -4265.93, 0, 4.82069, -5.95358, 0
339, -5227.69, -4325.2, 0, 4.8877, -5.89877, 0
340, -5178.49, -4383.91, 0, 4.95409, -5.84321, 0
341, -5128.61, -4442.06, 0, 5.01985, -5.7869, 0
342, -5078.09, -4499.64, 0, 5.08496, -5.72986, 0
343, -5026.92, -4556.65, 0, 5.14944, -5.67208, 0
344, -4975.1, -4613.08, 0, 5.21325, -5.61357, 0
345, -4922.66, -4668.92, 0, 5.2764, -5.55435, 0
346, -4869.58, -4724.17, 0, 5.33888, -5.49441, 0
347, -4815.88, -4778.81, 0, 5.40068, -5.43378, 0
348, -4761.57, -4832.84, 0, 5.4618, -5.37245, 0
349, -4706.65, -4886.25, 0, 5.52221, -5.31043, 0
350, -4651.12, -4939.04, 0, 5.58193, -5.24773, 0
351, -4595.01, -4991.21, 0, 5.64093, -5.18436, 0
352, -4538.31, -5042.73, 0, 5.69922, -5.12033, 0
353, -4481.03, -5093.61, 0, 5.75678, -5.05564, 0
354, -4423.18, -5143.84, 0, 5.81361, -4.9903, 0
355, -4364.76, -5193.41, 0, 5.86969, -4.92433, 0
356, -4305.78, -5242.32, 0, 5.92503, -4.85772, 0
357, -4246.26, -5290.57, 0, 5.97962, -4.7905, 0
358, -4186.19, -5338.13, 0, 6.03344, -4.72265, 0
359, -4125.59, -5385.02, 0, 6.08649, -4.65421, 0
360, -4064.47, -5431.21, 0, 6.13877, -4.58517, 0
361, -4002.82, -5476.72, 0, 6.19027, -4.51554, 0
362, -3940.66, -5521.52, 0, 6.24098, -4.44533, 0
363, -3878, -5565.62, 0, 6.29089, -4.37455, 0
364, -3814.85, -5609.01, 0, 6.34, -4.30321, 0
365, -3751.21, -5651.69, 0, 6.3883, -4.23132, 0
366, -3687.09, -5693.64, 0, 6.43579, -4.15889, 0
367, -3622.49, -5734.86, 0, 6.48246, -4.08592, 0
368, -3557.44, -5775.35, 0, 6.5283, -4.01243, 0
369, -3491.93, -5815.11, 0, 6.57331, -3.93843, 0
370, -3425.98, -5854.12, 0, 6.61749, -3.86391, 0
371, -3359.58, -5892.39, 0, 6.66082, -3.78891, 0
372, -3292.76, -5929.9, 0, 6.70329, -3.71341, 0
373, -3225.52, -5966.65, 0, 6.74492, -3.63744, 0
374, -3157.87, -6002.64, 0, 6.78568, -3.56101, 0
375, -3089.81, -6037.87, 0, 6.82558, -3.48411, 0
376, -3021.36, -6072.33, 0, 6.86461, -3.40677, 0
377, -2952.52, -6106, 0, 6.90277, -3.32899, 0
378, -2883.31, -6138.9, 0, 6.94004, -3.25078, 0
379, -2813.72, -6171.02, 0, 6.97643, -3.17215, 0
380, -2743.78, -6202.35, 0, 7.01193, -3.09312, 0
381, -2673.49, -6232.88, 0, 7.04653, -3.01369, 0
382, -2602.85, -6262.62, 0, 7.08024, -2.93387, 0
383, -2531.89, -6291.56, 0, 7.11304, -2.85367, 0
384, -2460.59, -6319.69, 0, 7.14493, -2.7731, 0
385, -2388.99, -6347.02, 0, 7.17591, -2.69218, 0
386, -2317.08, -6373.53, 0, 7.20598, -2.61091, 0
387, -2244.87, -6399.23, 0, 7.23513, -2.52931, 0
388, -2172.38, -6424.12, 0, 7.26335, -2.44737, 0
389, -2099.61, -6448.18, 0, 7.29065, -2.36513, 0
390, -2026.57, -6471.42, 0, 7.31701, -2.28257, 0
391, -1953.27, -6493.83, 0, 7.34244, -2.19972, 0
392, -1879.72, -6515.41, 0, 7.36694, -2.11659, 0
393, -1805.94, -6536.16, 0, 7.39049, -2.03319, 0
394, -1731.92, -6556.08, 0, 7.4131, -1.94952, 0
395, -1657.68, -6575.15, 0, 7.43476, -1.8656, 0
396, -1583.23, -6593.39, 0, 7.45548, -1.78143, 0
397, -1508.57, -6610.78, 0, 7.47524, -1.69704, 0
398, -1433.72, -6627.33, 0, 7.49404, -1.61242, 0
399, -1358.69, -6643.03, 0, 7.51189, -1.5276, 0
400, -1283.49, -6657.88, 0, 7.52878, -1.44258, 0
401, -1208.12, -6671.88, 0, 7.54471, -1.35737, 0
402, -1132.6, -6685.02, 0, 7.55967, -1.27198, 0
403, -1056.93, -6697.32, 0, 7.57367, -1.18643, 0
404, -981.128, -6708.75, 0, 7.5867, -1.10072, 0
405, -905.2, -6719.33, 0, 7.59876, -1.01487, 0
406, -829.156, -6729.05, 0, 7.60985, -0.928888, 0
407, -753.007, -6737.91, 0, 7.61996, -0.842782, 0
408, -676.76, -6745.91, 0, 7.62911, -0.756564, 0
409, -600.428, -6753.04, 0, 7.63727, -0.670246, 0
410, -524.018, -6759.31, 0, 7.64446, -0.58384, 0
411, -447.542, -6764.72, 0, 7.65068, -0.497355, 0
412, -371.008, -6769.26, 0, 7.65591, -0.410803, 0
413, -294.427, -6772.93, 0, 7.66017, -0.324195, 0
414, -217.808, -6775.74, 0, 7.66344, -0.237543, 0
415, -141.161, -6777.68, 0, 7.66574, -0.150857, 0
416, -64.4964, -6778.76, 0, 7.66705, -0.0641478, 0
417, 12.1767, -6778.97, 0, 7.66739, 0.0225727, 0
418, 88.8481, -6778.31, 0, 7.66674, 0.109294, 0
419, 165.508, -6776.78, 0, 7.66512, 0.196004, 0
420, 242.147, -6774.39, 0, 7.66251, 0.282693, 0
421, 318.755, -6771.13, 0, 7.65892, 0.369349, 0
422, 395.322, -6767, 0, 7.65435, 0.455961, 0
423, 471.839, -6762.01, 0, 7.6488, 0.542518, 0
424, 548.295, -6756.15, 0, 7.64228, 0.629009, 0
425, 624.681, -6749.43, 0, 7.63477, 0.715423, 0
426, 700.987, -6741.84, 0, 7.62629, 0.801748, 0
427, 777.204, -6733.39, 0, 7.61683, 0.887975, 0
428, 853.321, -6724.08, 0, 7.6064, 0.974091, 0
429, 929.328, -6713.91, 0, 7.59499, 1.06009, 0
430, 1005.22, -6702.88, 0, 7.58261, 1.14595, 0
431, 1080.98, -6690.99, 0, 7.56926, 1.23167, 0
432, 1156.6, -6678.25, 0, 7.55494, 1.31723, 0
433, 1232.07, -6664.65, 0, 7.53965, 1.40263, 0
434, 1307.39, -6650.2, 0, 7.52339, 1.48785, 0
435, 1382.54, -6634.89, 0, 7.50618, 1.57289, 0
436, 1457.51, -6618.74, 0, 7.488, 1.65773, 0
437, 1532.29, -6601.74, 0, 7.46886, 1.74236, 0
438, 1606.88, -6583.89, 0, 7.44876, 1.82676, 0
439, 1681.27, -6565.2, 0, 7.42771, 1.91094, 0
440, 1755.43, -6545.67, 0, 7.40571, 1.99488, 0
441, 1829.38, -6525.31, 0, 7.38276, 2.07856, 0
442, 1903.09, -6504.1, 0, 7.35886, 2.16199, 0
443, 1976.55, -6482.07, 0, 7.33402, 2.24513, 0
444, 2049.76, -6459.2, 0, 7.30824, 2.328, 0
445, 2122.71, -6435.51, 0, 7.28152, 2.41056, 0
446, 2195.39, -6410.99, 0, 7.25387, 2.49283, 0
447, 2267.79, -6385.65, 0, 7.22529, 2.57477, 0
448, 2339.89, -6359.5, 0, 7.19578, 2.65639, 0
449, 2411.7, -6332.53, 0, 7.16535, 2.73768, 0
450, 2483.2, -6304.75, 0, 7.134, 2.81861, 0
451, 2554.38, -6276.16, 0, 7.10174, 2.89919, 0
452, 2625.23, -6246.76, 0, 7.06857, 2.97939, 0
453, 2695.75, -6216.57, 0, 7.03448, 3.05922, 0
454, 2765.92, -6185.58, 0, 6.9995, 3.13866, 0
455, 2835.73, -6153.8, 0, 6.96362, 3.2177, 0
456, 2905.19, -6121.23, 0, 6.92684, 3.29634, 0
457, 2974.27, -6087.87, 0, 6.88918, 3.37455, 0
458, 3042.97, -6053.74, 0, 6.85063, 3.45233, 0
459, 3111.28, -6018.83, 0, 6.8112, 3.52967, 0
460, 3179.19, -5983.15, 0, 6.7709, 3.60657, 0
461, 3246.69, -5946.7, 0, 6.72973, 3.683, 0
462, 3313.78, -5909.49, 0, 6.6877, 3.75896, 0
463, 3380.44, -5871.52, 0, 6.64481, 3.83445, 0
464, 3446.67, -5832.8, 0, 6.60106, 3.90945, 0
465, 3512.46, -5793.33, 0, 6.55647, 3.98394, 0
466, 3577.8, -5753.12, 0, 6.51103, 4.05793, 0
467, 3642.68, -5712.18, 0, 6.46476, 4.13141, 0
468, 3707.09, -5670.5, 0, 6.41766, 4.20435, 0
469, 3771.03, -5628.09, 0, 6.36974, 4.27676, 0
470, 3834.48, -5584.96, 0, 6.321, 4.34862, 0
471, 3897.45, -5541.12, 0, 6.27144, 4.41993, 0
472, 3959.91, -5496.57, 0, 6.22108, 4.49067, 0
473, 4021.86, -5451.31, 0, 6.16992, 4.56084, 0
474, 4083.31, -5405.35, 0, 6.11797, 4.63043, 0
475, 4144.22, -5358.7, 0, 6.06523, 4.69943, 0
476, 4204.61, -5311.36, 0, 6.01172, 4.76782, 0
477, 4264.45, -5263.35, 0, 5.95743, 4.83561, 0
478, 4323.75, -5214.65, 0, 5.90237, 4.90278, 0
479, 4382.5, -5165.29, 0, 5.84656, 4.96932, 0
480, 4440.68, -5115.27, 0, 5.79, 5.03523, 0
481, 4498.3, -5064.59, 0, 5.73269, 5.10049, 0
482, 4555.33, -5013.26, 0, 5.67465, 5.1651, 0
483, 4611.79, -4961.29, 0, 5.61587, 5.22905, 0
484, 4667.65, -4908.68, 0, 5.55638, 5.29233, 0
485, 4722.91, -4855.45, 0, 5.49617, 5.35494, 0
486, 4777.57, -4801.59, 0, 5.43525, 5.41686, 0
487, 4831.61, -4747.11, 0, 5.37363, 5.47809, 0
488, 4885.04, -4692.03, 0, 5.31133, 5.53861, 0
489, 4937.84, -4636.34, 0, 5.24834, 5.59843, 0
490, 4990, -4580.06, 0, 5.18468, 5.65753, 0
491, 5041.53, -4523.19, 0, 5.12035, 5.71591, 0
492, 5092.41, -4465.75, 0, 5.05536, 5.77355, 0
493, 5142.63, -4407.73, 0, 4.98972, 5.83046, 0
494, 5192.2, -4349.14, 0, 4.92344, 5.88662, 0
495, 5241.1, -4290, 0, 4.85652, 5.94203, 0
496, 5289.33, -4230.3, 0, 4.78899, 5.99667, 0
497, 5336.88, -4170.06, 0, 4.72083, 6.05055, 0
498, 5383.74, -4109.29, 0, 4.65207, 6.10366, 0
499, 5429.92, -4047.99, 0, 4.58271, 6.15598, 0
500, 5475.4, -3986.18, 0, 4.51276, 6.20751, 0
501, 5520.17, -3923.85, 0, 4.44223, 6.25825, 0
502, 5564.24, -3861.01, 0, 4.37113, 6.30818, 0
503, 5607.59, -3797.69, 0, 4.29947, 6.35731, 0
504, 5650.23, -3733.87, 0, 4.22725, 6.40562, 0
505, 5692.14, -3669.58, 0, 4.15449, 6.45312, 0
506, 5733.31, -3604.81, 0, 4.0812, 6.49978, 0
507, 5773.76, -3539.58, 0, 4.00738, 6.54562, 0
508, 5813.46, -3473.9, 0, 3.93304, 6.59061, 0
509, 5852.42, -3407.77, 0, 3.8582, 6.63476, 0
510, 5890.62, -3341.21, 0, 3.78286, 6.67806, 0
511, 5928.07, -3274.22, 0, 3.70703, 6.7205, 0
512, 5964.76, -3206.8, 0, 3.63073, 6.76208, 0
513, 6000.69, -3138.98, 0, 3.55396, 6.8028, 0
514, 6035.84, -3070.75, 0, 3.47674, 6.84264, 0
515, 6070.22, -3002.13, 0, 3.39906, 6.8816, 0
516, 6103.82, -2933.12, 0, 3.32095, 6.91968, 0
517, 6136.64, -2863.74, 0, 3.24241, 6.95688, 0
518, 6168.67, -2793.98, 0, 3.16345, 6.99318, 0
519, 6199.9, -2723.88, 0, 3.08409, 7.02859, 0
520, 6230.35, -2653.42, 0, 3.00433, 7.06309, 0
521, 6259.99, -2582.62, 0, 2.92418, 7.09669, 0
522, 6288.83, -2511.49, 0, 2.84365, 7.12938, 0
523, 6316.86, -2440.03, 0, 2.76276, 7.16115, 0
524, 6344.08, -2368.27, 0, 2.68152, 7.19201, 0
525, 6370.49, -2296.19, 0, 2.59993, 7.22194, 0
526, 6396.08, -2223.83, 0, 2.518, 7.25095, 0
527, 6420.85, -2151.18, 0, 2.43575, 7.27902, 0
528, 6444.79, -2078.25, 0, 2.35318, 7.30616, 0
529, 6467.91, -2005.06, 0, 2.27032, 7.33237, 0
530, 6490.2, -1931.61, 0, 2.18716, 7.35763, 0
531, 6511.65, -1857.91, 0, 2.10372, 7.38195, 0
532, 6532.27, -1783.97, 0, 2.02, 7.40533, 0
533, 6552.05, -1709.81, 0, 1.93603, 7.42775, 0
534, 6570.99, -1635.42, 0, 1.85181, 7.44922, 0
535, 6589.09, -1560.82, 0, 1.76735, 7.46973, 0
536, 6606.34, -1486.03, 0, 1.68266, 7.48928, 0
537, 6622.74, -1411.04, 0, 1.59776, 7.50788, 0
538, 6638.29, -1335.87, 0, 1.51265, 7.52551, 0
539, 6652.99, -1260.54, 0, 1.42734, 7.54217, 0
540, 6666.84, -1185.03, 0, 1.34185, 7.55787, 0
541, 6679.83, -1109.38, 0, 1.25619, 7.57259, 0
542, 6691.96, -1033.59, 0, 1.17037, 7.58635, 0
543, 6703.24, -957.657, 0, 1.0844, 7.59913, 0
544, 6713.65, -881.606, 0, 0.998282, 7.61093, 0
545, 6723.2, -805.442, 0, 0.912039, 7.62176, 0
546, 6731.89, -729.174, 0, 0.82568, 7.63161, 0
547, 6739.72, -652.813, 0, 0.739213, 7.64048, 0
548, 6746.68, -576.368, 0, 0.652652, 7.64837, 0
549, 6752.77, -499.849, 0, 0.566006, 7.65528, 0
550, 6757.99, -423.266, 0, 0.479288, 7.6612, 0
551, 6762.35, -346.628, 0, 0.392508, 7.66614, 0
552, 6765.84, -269.946, 0, 0.305677, 7.6701, 0
553, 6768.47, -193.229, 0, 0.218807, 7.67308, 0
554, 6770.22, -116.488, 0, 0.131909, 7.67506, 0
555, 6771.11, -39.7313, 0, 0.0449939, 7.67607, 0
